<?xml version="1.0" encoding="UTF-8"?>
<robot generated="20170523 11:29:09.893" generator="Robot 3.0.2 (Python 2.7.13 on win32)">
<suite source="d:\gsync\workspace\sq\robotframework\samples\lesson10\task\tc" id="s1" name="Tc">
<suite source="d:\gsync\workspace\sq\robotframework\samples\lesson10\task\tc\web测试" id="s1-s1" name="Web测试">
<kw type="setup" name="Open Browser" library="pylib.WebOp">
<status status="PASS" endtime="20170523 11:29:14.773" starttime="20170523 11:29:11.087"></status>
</kw>
<suite source="d:\gsync\workspace\sq\robotframework\samples\lesson10\task\tc\web测试\学生操作" id="s1-s1-s1" name="学生操作">
<kw type="setup" name="Run Keywords" library="BuiltIn">
<doc>Executes all the given keywords in a sequence.</doc>
<arguments>
<arg>LoginWebsite</arg>
<arg>&amp;{adminuser}[name]</arg>
<arg>&amp;{adminuser}[pw]</arg>
<arg>AND</arg>
<arg>DeleteAll</arg>
<arg>student</arg>
<arg>AND</arg>
<arg>DeleteAll</arg>
<arg>traininggrade</arg>
<arg>AND</arg>
<arg>DeleteAll</arg>
<arg>training</arg>
<arg>AND</arg>
<arg>DeleteAll</arg>
<arg>lesson</arg>
<arg>AND</arg>
<arg>DeleteAll</arg>
<arg>teacher</arg>
<arg>AND</arg>
<arg>DeleteAll</arg>
<arg>course</arg>
<arg>AND</arg>
<arg>AddCourse</arg>
<arg>初中语文</arg>
<arg>初中语文描述</arg>
<arg>1</arg>
<arg>AND</arg>
<arg>AddTeacher</arg>
<arg>孔子</arg>
<arg>kongzi</arg>
<arg>孔子老师</arg>
<arg>1</arg>
<arg>初中语文</arg>
<arg>AND</arg>
<arg>AddTraining</arg>
<arg>初中班</arg>
<arg>初中班</arg>
<arg>1</arg>
<arg>初中语文</arg>
<arg>AND</arg>
<arg>AddTrainingGrade</arg>
<arg>初中班1期</arg>
<arg>初中班1期</arg>
<arg>1</arg>
<arg>初中班</arg>
<arg>AND</arg>
<arg>AddStudent</arg>
<arg>关羽</arg>
<arg>guanyu</arg>
<arg>猛将关羽</arg>
<arg>初中班</arg>
<arg>初中班1期</arg>
</arguments>
<kw name="Login Web Site" library="pylib.WebOpAdmin">
<arguments>
<arg>&amp;{adminuser}[name]</arg>
<arg>&amp;{adminuser}[pw]</arg>
</arguments>
<status status="PASS" endtime="20170523 11:29:16.124" starttime="20170523 11:29:14.783"></status>
</kw>
<kw name="Delete All" library="pylib.WebOpAdmin">
<arguments>
<arg>student</arg>
</arguments>
<status status="PASS" endtime="20170523 11:29:18.906" starttime="20170523 11:29:16.124"></status>
</kw>
<kw name="Delete All" library="pylib.WebOpAdmin">
<arguments>
<arg>traininggrade</arg>
</arguments>
<status status="PASS" endtime="20170523 11:29:21.974" starttime="20170523 11:29:18.907"></status>
</kw>
<kw name="Delete All" library="pylib.WebOpAdmin">
<arguments>
<arg>training</arg>
</arguments>
<status status="PASS" endtime="20170523 11:29:24.972" starttime="20170523 11:29:21.975"></status>
</kw>
<kw name="Delete All" library="pylib.WebOpAdmin">
<arguments>
<arg>lesson</arg>
</arguments>
<status status="PASS" endtime="20170523 11:29:27.101" starttime="20170523 11:29:24.973"></status>
</kw>
<kw name="Delete All" library="pylib.WebOpAdmin">
<arguments>
<arg>teacher</arg>
</arguments>
<status status="PASS" endtime="20170523 11:29:29.249" starttime="20170523 11:29:27.102"></status>
</kw>
<kw name="Delete All" library="pylib.WebOpAdmin">
<arguments>
<arg>course</arg>
</arguments>
<status status="PASS" endtime="20170523 11:29:31.416" starttime="20170523 11:29:29.249"></status>
</kw>
<kw name="Add Course" library="pylib.WebOpAdmin">
<arguments>
<arg>初中语文</arg>
<arg>初中语文描述</arg>
<arg>1</arg>
</arguments>
<status status="PASS" endtime="20170523 11:29:33.423" starttime="20170523 11:29:31.416"></status>
</kw>
<kw name="Add Teacher" library="pylib.WebOpAdmin">
<arguments>
<arg>孔子</arg>
<arg>kongzi</arg>
<arg>孔子老师</arg>
<arg>1</arg>
<arg>初中语文</arg>
</arguments>
<status status="PASS" endtime="20170523 11:29:35.725" starttime="20170523 11:29:33.423"></status>
</kw>
<kw name="Add Training" library="pylib.WebOpAdmin">
<arguments>
<arg>初中班</arg>
<arg>初中班</arg>
<arg>1</arg>
<arg>初中语文</arg>
</arguments>
<status status="PASS" endtime="20170523 11:29:37.824" starttime="20170523 11:29:35.725"></status>
</kw>
<kw name="Add Training Grade" library="pylib.WebOpAdmin">
<arguments>
<arg>初中班1期</arg>
<arg>初中班1期</arg>
<arg>1</arg>
<arg>初中班</arg>
</arguments>
<status status="PASS" endtime="20170523 11:29:39.910" starttime="20170523 11:29:37.825"></status>
</kw>
<kw name="Add Student" library="pylib.WebOpAdmin">
<arguments>
<arg>关羽</arg>
<arg>guanyu</arg>
<arg>猛将关羽</arg>
<arg>初中班</arg>
<arg>初中班1期</arg>
</arguments>
<status status="PASS" endtime="20170523 11:29:42.165" starttime="20170523 11:29:39.910"></status>
</kw>
<status status="PASS" endtime="20170523 11:29:42.165" starttime="20170523 11:29:14.782"></status>
</kw>
<suite source="d:\gsync\workspace\sq\robotframework\samples\lesson10\task\tc\web测试\学生操作\学生签到.robot" id="s1-s1-s1-s1" name="学生签到">
<test id="s1-s1-s1-s1-t1" name="学生签到5001">
<kw name="Close Browser" library="WA">
<status status="PASS" endtime="20170523 11:29:45.391" starttime="20170523 11:29:42.233"></status>
</kw>
<kw name="Login Web Site" library="WA">
<arguments>
<arg>&amp;{adminuser}[name]</arg>
<arg>&amp;{adminuser}[pw]</arg>
</arguments>
<msg timestamp="20170523 11:29:46.404" level="FAIL">error: [Errno 10061] </msg>
<status status="FAIL" endtime="20170523 11:29:46.404" starttime="20170523 11:29:45.394"></status>
</kw>
<status status="FAIL" endtime="20170523 11:29:46.406" critical="yes" starttime="20170523 11:29:42.232">error: [Errno 10061] </status>
</test>
<status status="FAIL" endtime="20170523 11:29:46.418" starttime="20170523 11:29:42.165"></status>
</suite>
<kw type="teardown" name="Run Keywords" library="BuiltIn">
<doc>Executes all the given keywords in a sequence.</doc>
<arguments>
<arg>LoginWebsite</arg>
<arg>&amp;{adminuser}[name]</arg>
<arg>&amp;{adminuser}[pw]</arg>
<arg>AND</arg>
<arg>DeleteAll</arg>
<arg>student</arg>
<arg>AND</arg>
<arg>DeleteAll</arg>
<arg>traininggrade</arg>
<arg>AND</arg>
<arg>DeleteAll</arg>
<arg>training</arg>
<arg>AND</arg>
<arg>DeleteAll</arg>
<arg>lesson</arg>
<arg>AND</arg>
<arg>DeleteAll</arg>
<arg>teacher</arg>
<arg>AND</arg>
<arg>DeleteAll</arg>
<arg>course</arg>
</arguments>
<kw name="Login Web Site" library="pylib.WebOpAdmin">
<arguments>
<arg>&amp;{adminuser}[name]</arg>
<arg>&amp;{adminuser}[pw]</arg>
</arguments>
<msg timestamp="20170523 11:29:47.440" level="FAIL">error: [Errno 10061] </msg>
<status status="FAIL" endtime="20170523 11:29:47.440" starttime="20170523 11:29:46.435"></status>
</kw>
<kw name="Delete All" library="pylib.WebOpAdmin">
<arguments>
<arg>student</arg>
</arguments>
<msg timestamp="20170523 11:29:48.446" level="FAIL">error: [Errno 10061] </msg>
<status status="FAIL" endtime="20170523 11:29:48.446" starttime="20170523 11:29:47.441"></status>
</kw>
<kw name="Delete All" library="pylib.WebOpAdmin">
<arguments>
<arg>traininggrade</arg>
</arguments>
<msg timestamp="20170523 11:29:49.452" level="FAIL">error: [Errno 10061] </msg>
<status status="FAIL" endtime="20170523 11:29:49.452" starttime="20170523 11:29:48.447"></status>
</kw>
<kw name="Delete All" library="pylib.WebOpAdmin">
<arguments>
<arg>training</arg>
</arguments>
<msg timestamp="20170523 11:29:50.458" level="FAIL">error: [Errno 10061] </msg>
<status status="FAIL" endtime="20170523 11:29:50.458" starttime="20170523 11:29:49.453"></status>
</kw>
<kw name="Delete All" library="pylib.WebOpAdmin">
<arguments>
<arg>lesson</arg>
</arguments>
<msg timestamp="20170523 11:29:51.464" level="FAIL">error: [Errno 10061] </msg>
<status status="FAIL" endtime="20170523 11:29:51.465" starttime="20170523 11:29:50.458"></status>
</kw>
<kw name="Delete All" library="pylib.WebOpAdmin">
<arguments>
<arg>teacher</arg>
</arguments>
<msg timestamp="20170523 11:29:52.470" level="FAIL">error: [Errno 10061] </msg>
<status status="FAIL" endtime="20170523 11:29:52.470" starttime="20170523 11:29:51.465"></status>
</kw>
<kw name="Delete All" library="pylib.WebOpAdmin">
<arguments>
<arg>course</arg>
</arguments>
<msg timestamp="20170523 11:29:53.477" level="FAIL">error: [Errno 10061] </msg>
<status status="FAIL" endtime="20170523 11:29:53.477" starttime="20170523 11:29:52.471"></status>
</kw>
<status status="FAIL" endtime="20170523 11:29:53.478" starttime="20170523 11:29:46.433">Several failures occurred:

1) error: [Errno 10061] 

2) error: [Errno 10061] 

3) error: [Errno 10061] 

4) error: [Errno 10061] 

5) error: [Errno 10061] 

6) error: [Errno 10061] 

7) error: [Errno 10061] </status>
</kw>
<status status="FAIL" endtime="20170523 11:29:53.478" starttime="20170523 11:29:14.774">Suite teardown failed:
Several failures occurred:

1) error: [Errno 10061] 

2) error: [Errno 10061] 

3) error: [Errno 10061] 

4) error: [Errno 10061] 

5) error: [Errno 10061] 

6) error: [Errno 10061] 

7) error: [Errno 10061] </status>
</suite>
<kw type="teardown" name="Close Browser" library="pylib.WebOp">
<status status="PASS" endtime="20170523 11:29:54.498" starttime="20170523 11:29:53.496"></status>
</kw>
<status status="FAIL" endtime="20170523 11:29:54.499" starttime="20170523 11:29:10.045"></status>
</suite>
<status status="FAIL" endtime="20170523 11:29:54.514" starttime="20170523 11:29:09.901"></status>
</suite>
<statistics>
<total>
<stat fail="1" pass="0">Critical Tests</stat>
<stat fail="1" pass="0">All Tests</stat>
</total>
<tag>
</tag>
<suite>
<stat fail="1" id="s1" name="Tc" pass="0">Tc</stat>
<stat fail="1" id="s1-s1" name="Web测试" pass="0">Tc.Web测试</stat>
<stat fail="1" id="s1-s1-s1" name="学生操作" pass="0">Tc.Web测试.学生操作</stat>
<stat fail="1" id="s1-s1-s1-s1" name="学生签到" pass="0">Tc.Web测试.学生操作.学生签到</stat>
</suite>
</statistics>
<errors>
</errors>
</robot>
