{"w3c": false, "addr": "http://127.0.0.1:54056", "capabilities": {"takesScreenshot": true, "acceptSslCerts": true, "networkConnectionEnabled": false, "mobileEmulationEnabled": false, "unexpectedAlertBehaviour": "", "applicationCacheEnabled": false, "locationContextEnabled": true, "rotatable": false, "chrome": {"chromedriverVersion": "2.29.461591 (62ebf098771772160f391d75e589dc567915b233)", "userDataDir": "C:\\Users\\jcy\\AppData\\Local\\Temp\\scoped_dir7940_26994"}, "hasTouchScreen": false, "platform": "Windows NT", "version": "58.0.3029.81", "nativeEvents": true, "handlesAlerts": true, "takesHeapSnapshot": true, "javascriptEnabled": true, "databaseEnabled": false, "browserName": "chrome", "webStorageEnabled": true, "browserConnectionEnabled": false, "cssSelectorsEnabled": true, "pageLoadStrategy": "normal"}, "sid": "66ca7b1a2fa5331172598fb54fa72a63"}